{
    "model_name": "xgb_classifier_best",
    "accuracy": 0.8486187845303867,
    "precision": 0.8519725200221566,
    "recall": 0.8486187845303867,
    "f1_score": 0.850266425376662
}